{
  "_fv": 34,
  "_type": "recipe",
  "definition": {
    "recipeType": "Crafting",
    "xpReward": 0.0,
    "cookingTime": 200,
    "recipeRetstackSize": 1,
    "group": "",
    "recipeShapeless": true,
    "recipeSlots": [
      {
        "value": "Items.EMERALD"
      },
      {
        "value": "Items.BLAZE_POWDER"
      },
      {
        "value": ""
      },
      {
        "value": "Items.GUNPOWDER"
      },
      {
        "value": ""
      },
      {
        "value": ""
      },
      {
        "value": ""
      },
      {
        "value": ""
      },
      {
        "value": ""
      }
    ],
    "recipeReturnStack": {
      "value": "CUSTOM:EmeraldiumCrystal"
    },
    "name": "emerald_crystal",
    "namespace": "mod"
  }
}