{
  "_fv": 34,
  "_type": "tool",
  "definition": {
    "renderType": 0,
    "texture": "infused_lapisium_shovel",
    "customModelName": "Normal",
    "name": "Infused Diamondium Shovel",
    "specialInfo": [],
    "creativeTab": {
      "value": "TOOLS"
    },
    "toolType": "Axe",
    "harvestLevel": 4,
    "efficiency": 12.0,
    "attackSpeed": 6.0,
    "enchantability": 2,
    "damageVsEntity": 14.0,
    "usageCount": 2000,
    "blocksAffected": [],
    "hasGlow": false,
    "repairItems": [
      {
        "value": "CUSTOM:InfusedLapisiumCrystal"
      }
    ],
    "immuneToFire": false,
    "stayInGridWhenCrafting": false,
    "damageOnCrafting": false
  }
}